parcel_id,status,score,tier,ruleset_version,analyzed_at,error
03701700015,404,,,,,"{'error': '{""error"":""PARCEL_NOT_FOUND"",""message"":""Parcel \'03701700015\' not found for city \'Memphis\'.""}'}"
03702000066,404,,,,,"{'error': '{""error"":""PARCEL_NOT_FOUND"",""message"":""Parcel \'03702000066\' not found for city \'Memphis\'.""}'}"
03700600015,404,,,,,"{'error': '{""error"":""PARCEL_NOT_FOUND"",""message"":""Parcel \'03700600015\' not found for city \'Memphis\'.""}'}"
04402700009,404,,,,,"{'error': '{""error"":""PARCEL_NOT_FOUND"",""message"":""Parcel \'04402700009\' not found for city \'Memphis\'.""}'}"
00107200017,404,,,,,"{'error': '{""error"":""PARCEL_NOT_FOUND"",""message"":""Parcel \'00107200017\' not found for city \'Memphis\'.""}'}"
00107200018,404,,,,,"{'error': '{""error"":""PARCEL_NOT_FOUND"",""message"":""Parcel \'00107200018\' not found for city \'Memphis\'.""}'}"
00107200019,404,,,,,"{'error': '{""error"":""PARCEL_NOT_FOUND"",""message"":""Parcel \'00107200019\' not found for city \'Memphis\'.""}'}"
00107200002,404,,,,,"{'error': '{""error"":""PARCEL_NOT_FOUND"",""message"":""Parcel \'00107200002\' not found for city \'Memphis\'.""}'}"
00107400003,404,,,,,"{'error': '{""error"":""PARCEL_NOT_FOUND"",""message"":""Parcel \'00107400003\' not found for city \'Memphis\'.""}'}"
02200200025,404,,,,,"{'error': '{""error"":""PARCEL_NOT_FOUND"",""message"":""Parcel \'02200200025\' not found for city \'Memphis\'.""}'}"
02200300013,404,,,,,"{'error': '{""error"":""PARCEL_NOT_FOUND"",""message"":""Parcel \'02200300013\' not found for city \'Memphis\'.""}'}"
02200300010,404,,,,,"{'error': '{""error"":""PARCEL_NOT_FOUND"",""message"":""Parcel \'02200300010\' not found for city \'Memphis\'.""}'}"
02201300016,404,,,,,"{'error': '{""error"":""PARCEL_NOT_FOUND"",""message"":""Parcel \'02201300016\' not found for city \'Memphis\'.""}'}"
02202400008,404,,,,,"{'error': '{""error"":""PARCEL_NOT_FOUND"",""message"":""Parcel \'02202400008\' not found for city \'Memphis\'.""}'}"
02202400007,404,,,,,"{'error': '{""error"":""PARCEL_NOT_FOUND"",""message"":""Parcel \'02202400007\' not found for city \'Memphis\'.""}'}"
02202500011,404,,,,,"{'error': '{""error"":""PARCEL_NOT_FOUND"",""message"":""Parcel \'02202500011\' not found for city \'Memphis\'.""}'}"
02202500008,404,,,,,"{'error': '{""error"":""PARCEL_NOT_FOUND"",""message"":""Parcel \'02202500008\' not found for city \'Memphis\'.""}'}"
02201300002,404,,,,,"{'error': '{""error"":""PARCEL_NOT_FOUND"",""message"":""Parcel \'02201300002\' not found for city \'Memphis\'.""}'}"
03900600017,404,,,,,"{'error': '{""error"":""PARCEL_NOT_FOUND"",""message"":""Parcel \'03900600017\' not found for city \'Memphis\'.""}'}"
02701100015,404,,,,,"{'error': '{""error"":""PARCEL_NOT_FOUND"",""message"":""Parcel \'02701100015\' not found for city \'Memphis\'.""}'}"
02701000025,404,,,,,"{'error': '{""error"":""PARCEL_NOT_FOUND"",""message"":""Parcel \'02701000025\' not found for city \'Memphis\'.""}'}"
02700300035,404,,,,,"{'error': '{""error"":""PARCEL_NOT_FOUND"",""message"":""Parcel \'02700300035\' not found for city \'Memphis\'.""}'}"
02700800042,404,,,,,"{'error': '{""error"":""PARCEL_NOT_FOUND"",""message"":""Parcel \'02700800042\' not found for city \'Memphis\'.""}'}"
04001800022,404,,,,,"{'error': '{""error"":""PARCEL_NOT_FOUND"",""message"":""Parcel \'04001800022\' not found for city \'Memphis\'.""}'}"
02105000054,404,,,,,"{'error': '{""error"":""PARCEL_NOT_FOUND"",""message"":""Parcel \'02105000054\' not found for city \'Memphis\'.""}'}"
04000100078,404,,,,,"{'error': '{""error"":""PARCEL_NOT_FOUND"",""message"":""Parcel \'04000100078\' not found for city \'Memphis\'.""}'}"
04000100074,404,,,,,"{'error': '{""error"":""PARCEL_NOT_FOUND"",""message"":""Parcel \'04000100074\' not found for city \'Memphis\'.""}'}"
04000100073,404,,,,,"{'error': '{""error"":""PARCEL_NOT_FOUND"",""message"":""Parcel \'04000100073\' not found for city \'Memphis\'.""}'}"
04000100071,404,,,,,"{'error': '{""error"":""PARCEL_NOT_FOUND"",""message"":""Parcel \'04000100071\' not found for city \'Memphis\'.""}'}"
04000500015,404,,,,,"{'error': '{""error"":""PARCEL_NOT_FOUND"",""message"":""Parcel \'04000500015\' not found for city \'Memphis\'.""}'}"
04000500016,404,,,,,"{'error': '{""error"":""PARCEL_NOT_FOUND"",""message"":""Parcel \'04000500016\' not found for city \'Memphis\'.""}'}"
04000500022,404,,,,,"{'error': '{""error"":""PARCEL_NOT_FOUND"",""message"":""Parcel \'04000500022\' not found for city \'Memphis\'.""}'}"
04000100059,404,,,,,"{'error': '{""error"":""PARCEL_NOT_FOUND"",""message"":""Parcel \'04000100059\' not found for city \'Memphis\'.""}'}"
02105100029,404,,,,,"{'error': '{""error"":""PARCEL_NOT_FOUND"",""message"":""Parcel \'02105100029\' not found for city \'Memphis\'.""}'}"
02105100030,404,,,,,"{'error': '{""error"":""PARCEL_NOT_FOUND"",""message"":""Parcel \'02105100030\' not found for city \'Memphis\'.""}'}"
02105100031,404,,,,,"{'error': '{""error"":""PARCEL_NOT_FOUND"",""message"":""Parcel \'02105100031\' not found for city \'Memphis\'.""}'}"
02105100040,404,,,,,"{'error': '{""error"":""PARCEL_NOT_FOUND"",""message"":""Parcel \'02105100040\' not found for city \'Memphis\'.""}'}"
02105100034,404,,,,,"{'error': '{""error"":""PARCEL_NOT_FOUND"",""message"":""Parcel \'02105100034\' not found for city \'Memphis\'.""}'}"
02105100035,404,,,,,"{'error': '{""error"":""PARCEL_NOT_FOUND"",""message"":""Parcel \'02105100035\' not found for city \'Memphis\'.""}'}"
04000600014,404,,,,,"{'error': '{""error"":""PARCEL_NOT_FOUND"",""message"":""Parcel \'04000600014\' not found for city \'Memphis\'.""}'}"
02703400035,404,,,,,"{'error': '{""error"":""PARCEL_NOT_FOUND"",""message"":""Parcel \'02703400035\' not found for city \'Memphis\'.""}'}"
02703400036,404,,,,,"{'error': '{""error"":""PARCEL_NOT_FOUND"",""message"":""Parcel \'02703400036\' not found for city \'Memphis\'.""}'}"
02034000038,404,,,,,"{'error': '{""error"":""PARCEL_NOT_FOUND"",""message"":""Parcel \'02034000038\' not found for city \'Memphis\'.""}'}"
02703400037,404,,,,,"{'error': '{""error"":""PARCEL_NOT_FOUND"",""message"":""Parcel \'02703400037\' not found for city \'Memphis\'.""}'}"
02703400039,404,,,,,"{'error': '{""error"":""PARCEL_NOT_FOUND"",""message"":""Parcel \'02703400039\' not found for city \'Memphis\'.""}'}"
02703400041,404,,,,,"{'error': '{""error"":""PARCEL_NOT_FOUND"",""message"":""Parcel \'02703400041\' not found for city \'Memphis\'.""}'}"
02703400045,404,,,,,"{'error': '{""error"":""PARCEL_NOT_FOUND"",""message"":""Parcel \'02703400045\' not found for city \'Memphis\'.""}'}"
02703100008,404,,,,,"{'error': '{""error"":""PARCEL_NOT_FOUND"",""message"":""Parcel \'02703100008\' not found for city \'Memphis\'.""}'}"
02703100009,404,,,,,"{'error': '{""error"":""PARCEL_NOT_FOUND"",""message"":""Parcel \'02703100009\' not found for city \'Memphis\'.""}'}"
02703100010,404,,,,,"{'error': '{""error"":""PARCEL_NOT_FOUND"",""message"":""Parcel \'02703100010\' not found for city \'Memphis\'.""}'}"
02703100011,404,,,,,"{'error': '{""error"":""PARCEL_NOT_FOUND"",""message"":""Parcel \'02703100011\' not found for city \'Memphis\'.""}'}"
02703100012,404,,,,,"{'error': '{""error"":""PARCEL_NOT_FOUND"",""message"":""Parcel \'02703100012\' not found for city \'Memphis\'.""}'}"
02703100013,404,,,,,"{'error': '{""error"":""PARCEL_NOT_FOUND"",""message"":""Parcel \'02703100013\' not found for city \'Memphis\'.""}'}"
02703200001,404,,,,,"{'error': '{""error"":""PARCEL_NOT_FOUND"",""message"":""Parcel \'02703200001\' not found for city \'Memphis\'.""}'}"
02703200002,404,,,,,"{'error': '{""error"":""PARCEL_NOT_FOUND"",""message"":""Parcel \'02703200002\' not found for city \'Memphis\'.""}'}"
02703200003,404,,,,,"{'error': '{""error"":""PARCEL_NOT_FOUND"",""message"":""Parcel \'02703200003\' not found for city \'Memphis\'.""}'}"
02703200004,404,,,,,"{'error': '{""error"":""PARCEL_NOT_FOUND"",""message"":""Parcel \'02703200004\' not found for city \'Memphis\'.""}'}"
02703200005,404,,,,,"{'error': '{""error"":""PARCEL_NOT_FOUND"",""message"":""Parcel \'02703200005\' not found for city \'Memphis\'.""}'}"
02703300006,404,,,,,"{'error': '{""error"":""PARCEL_NOT_FOUND"",""message"":""Parcel \'02703300006\' not found for city \'Memphis\'.""}'}"
02703300007,404,,,,,"{'error': '{""error"":""PARCEL_NOT_FOUND"",""message"":""Parcel \'02703300007\' not found for city \'Memphis\'.""}'}"
02703300008,404,,,,,"{'error': '{""error"":""PARCEL_NOT_FOUND"",""message"":""Parcel \'02703300008\' not found for city \'Memphis\'.""}'}"
02703300009,404,,,,,"{'error': '{""error"":""PARCEL_NOT_FOUND"",""message"":""Parcel \'02703300009\' not found for city \'Memphis\'.""}'}"
02703300010,404,,,,,"{'error': '{""error"":""PARCEL_NOT_FOUND"",""message"":""Parcel \'02703300010\' not found for city \'Memphis\'.""}'}"
02703300011,404,,,,,"{'error': '{""error"":""PARCEL_NOT_FOUND"",""message"":""Parcel \'02703300011\' not found for city \'Memphis\'.""}'}"
02703300012,404,,,,,"{'error': '{""error"":""PARCEL_NOT_FOUND"",""message"":""Parcel \'02703300012\' not found for city \'Memphis\'.""}'}"
02703300013,404,,,,,"{'error': '{""error"":""PARCEL_NOT_FOUND"",""message"":""Parcel \'02703300013\' not found for city \'Memphis\'.""}'}"
02703300014,404,,,,,"{'error': '{""error"":""PARCEL_NOT_FOUND"",""message"":""Parcel \'02703300014\' not found for city \'Memphis\'.""}'}"
02703300015,404,,,,,"{'error': '{""error"":""PARCEL_NOT_FOUND"",""message"":""Parcel \'02703300015\' not found for city \'Memphis\'.""}'}"
